AF-200	CFD-AF-200-228-N.jpg	AF-200
AF-201	CFD-AF-201-060-N.jpg	AF-201
AF-202	CFD-AF-202-122-N.jpg	AF-202
AF-203	CFD-AF-203-077-N.jpg	AF-203
AF-204	CFD-AF-204-067-N.jpg	AF-204
AF-205	CFD-AF-205-155-N.jpg	AF-205
AF-206	CFD-AF-206-079-N.jpg	AF-206
AF-207	CFD-AF-207-023-N.jpg	AF-207
AF-208	CFD-AF-208-003-N.jpg	AF-208
AF-209	CFD-AF-209-006-N.jpg	AF-209
AF-210	CFD-AF-210-050-N.jpg	AF-210
AF-211	CFD-AF-211-066-N.jpg	AF-211
AF-212	CFD-AF-212-097-N.jpg	AF-212
AF-213	CFD-AF-213-126-N.jpg	AF-213
AF-214	CFD-AF-214-139-N.jpg	AF-214
AF-215	CFD-AF-215-70-N.jpg	AF-215
AF-216	CFD-AF-216-106-N.jpg	AF-216
AF-217	CFD-AF-217-155-N.jpg	AF-217
AF-218	CFD-AF-218-157-N.jpg	AF-218
AF-219	CFD-AF-219-106-N.jpg	AF-219
AF-221	CFD-AF-221-147-N.jpg	AF-221
AF-222	CFD-AF-222-134-N.jpg	AF-222
AF-223	CFD-AF-223-183-N.jpg	AF-223
AF-224	CFD-AF-224-026-N.jpg	AF-224
AF-225	CFD-AF-225-141-N.jpg	AF-225
AF-226	CFD-AF-226-251-N.jpg	AF-226
AF-227	CFD-AF-227-207-N.jpg	AF-227
AF-228	CFD-AF-228-173-N.jpg	AF-228
AF-229	CFD-AF-229-160-N.jpg	AF-229
AF-230	CFD-AF-230-193-N.jpg	AF-230
AF-231	CFD-AF-231-357-N.jpg	AF-231
AF-232	CFD-AF-232-078-N.jpg	AF-232
AF-233	CFD-AF-233-190-N.jpg	AF-233
AF-234	CFD-AF-234-208-N.jpg	AF-234
AF-235	CFD-AF-235-170-N.jpg	AF-235
AF-236	CFD-AF-236-145-N.jpg	AF-236
AF-237	CFD-AF-237-223-N.jpg	AF-237
AF-238	CFD-AF-238-185-N.jpg	AF-238
AF-239	CFD-AF-239-171-N.jpg	AF-239
AF-240	CFD-AF-240-206-N.jpg	AF-240
AF-242	CFD-AF-242-158-N.jpg	AF-242
AF-243	CFD-AF-243-170-N.jpg	AF-243
AF-244	CFD-AF-244-168-N.jpg	AF-244
AF-245	CFD-AF-245-143-N.jpg	AF-245
AF-246	CFD-AF-246-242-N.jpg	AF-246
AF-247	CFD-AF-247-278-N.jpg	AF-247
AF-248	CFD-AF-248-148-N.jpg	AF-248
AF-249	CFD-AF-249-092-N.jpg	AF-249
AF-250	CFD-AF-250-200-N.jpg	AF-250
AF-251	CFD-AF-251-093-N.jpg	AF-251
AF-252	CFD-AF-252-135-N.jpg	AF-252
AF-253	CFD-AF-253-130-N.jpg	AF-253
AF-254	CFD-AF-254-167-N.jpg	AF-254
AF-255	CFD-AF-255-209-N.jpg	AF-255
AF-256	CFD-AF-256-160-N.jpg	AF-256
AM-201	CFD-AM-201-076-N.jpg	AM-201
AM-202	CFD-AM-202-079-N.jpg	AM-202
AM-203	CFD-AM-203-086-N.jpg	AM-203
AM-204	CFD-AM-204-122-N.jpg	AM-204
AM-205	CFD-AM-205-153-N.jpg	AM-205
AM-207	CFD-AM-207-108-N.jpg	AM-207
AM-208	CFD-AM-208-143-N.jpg	AM-208
AM-209	CFD-AM-209-048-N.jpg	AM-209
AM-210	CFD-AM-210-035-N.jpg	AM-210
AM-211	CFD-AM-211-052-N.jpg	AM-211
AM-212	CFD-AM-212-050-N.jpg	AM-212
AM-213	CFD-AM-213-056-N.jpg	AM-213
AM-214	CFD-AM-214-168-N.jpg	AM-214
AM-215	CFD-AM-215-120-N.jpg	AM-215
AM-216	CFD-AM-216-114-N.jpg	AM-216
AM-217	CFD-AM-217-085-N.jpg	AM-217
AM-218	CFD-AM-218-085-N.jpg	AM-218
AM-219	CFD-AM-219-101-N.jpg	AM-219
AM-220	CFD-AM-220-134-N.jpg	AM-220
AM-221	CFD-AM-221-184-N.jpg	AM-221
AM-223	CFD-AM-223-138-N.jpg	AM-223
AM-224	CFD-AM-224-126-N.jpg	AM-224
AM-225	CFD-AM-225-102-N.jpg	AM-225
AM-226	CFD-AM-226-234-N.jpg	AM-226
AM-227	CFD-AM-227-184-N.jpg	AM-227
AM-229	CFD-AM-229-224-N.jpg	AM-229
AM-230	CFD-AM-230-150-N.jpg	AM-230
AM-231	CFD-AM-231-136-N.jpg	AM-231
AM-232	CFD-AM-232-251-N.jpg	AM-232
AM-233	CFD-AM-233-236-N.jpg	AM-233
AM-234	CFD-AM-234-355-N.jpg	AM-234
AM-235	CFD-AM-235-241-N.jpg	AM-235
AM-236	CFD-AM-236-090-N.jpg	AM-236
AM-237	CFD-AM-237-154-N.jpg	AM-237
AM-238	CFD-AM-238-269-N.jpg	AM-238
AM-239	CFD-AM-239-147-N.jpg	AM-239
AM-240	CFD-AM-240-191-N.jpg	AM-240
AM-241	CFD-AM-241-287-N.jpg	AM-241
AM-242	CFD-AM-242-176-N.jpg	AM-242
AM-243	CFD-AM-243-212-N.jpg	AM-243
AM-244	CFD-AM-244-222-N.jpg	AM-244
AM-245	CFD-AM-245-111-N.jpg	AM-245
AM-246	CFD-AM-246-184-N.jpg	AM-246
AM-247	CFD-AM-247-165-N.jpg	AM-247
AM-248	CFD-AM-248-104-N.jpg	AM-248
AF-220	CFD-AF-220-107-N.jpg	AF-220
AF-241	CFD-AF-241-141-N.jpg	AF-241
AM-206	CFD-AM-206-086-N.jpg	AM-206
AM-228	CFD-AM-228-214-N.jpg	AM-228
AM-249	CFD-AM-249-163-N.jpg	AM-249
BF-017	CFD-BF-017-003-N.jpg	BF-017
BF-017	CFD-BF-017-004-HO.jpg	BF-017
BF-017	CFD-BF-017-007-HC.jpg	BF-017
BF-017	CFD-BF-017-011-A.jpg	BF-017
BF-017	CFD-BF-017-016-F.jpg	BF-017
BF-040	CFD-BF-040-003-N.jpg	BF-040
BF-040	CFD-BF-040-010-HC.jpg	BF-040
BF-040	CFD-BF-040-043-HO.jpg	BF-040
BF-040	CFD-BF-040-051-A.jpg	BF-040
BF-040	CFD-BF-040-081-F.jpg	BF-040
BF-210	CFD-BF-210-130-N.jpg	BF-210
BF-231	CFD-BF-231-202-N.jpg	BF-231
BF-252	CFD-BF-252-191-N.jpg	BF-252
BM-022	CFD-BM-022-004-HC.jpg	BM-022
BM-022	CFD-BM-022-014-F.jpg	BM-022
BM-022	CFD-BM-022-022-N.jpg	BM-022
BM-022	CFD-BM-022-027-HO.jpg	BM-022
BM-022	CFD-BM-022-030-A.jpg	BM-022
BM-045	CFD-BM-045-004-N.jpg	BM-045
BM-045	CFD-BM-045-045-F.jpg	BM-045
BM-045	CFD-BM-045-055-HO.jpg	BM-045
BM-045	CFD-BM-045-057-HC.jpg	BM-045
BM-045	CFD-BM-045-061-A.jpg	BM-045
BM-219	CFD-BM-219-141-N.jpg	BM-219
BM-241	CFD-BM-241-235-N.jpg	BM-241
LF-208	CFD-LF-208-127-N.jpg	LF-208
LF-229	CFD-LF-229-164-N.jpg	LF-229
LF-250	CFD-LF-250-169-N.jpg	LF-250
LM-216	CFD-LM-216-082-N.jpg	LM-216
LM-237	CFD-LM-237-264-N.jpg	LM-237
WF-007	CFD-WF-007-001-N.jpg	WF-007
WF-007	CFD-WF-007-003-HO.jpg	WF-007
WF-007	CFD-WF-007-005-HC.jpg	WF-007
WF-007	CFD-WF-007-026-F.jpg	WF-007
WF-007	CFD-WF-007-029-A.jpg	WF-007
WF-028	CFD-WF-028-019-F.jpg	WF-028
WF-028	CFD-WF-028-023-N.jpg	WF-028
WF-028	CFD-WF-028-024-HO.jpg	WF-028
WF-028	CFD-WF-028-025-HC.jpg	WF-028
WF-028	CFD-WF-028-026-A.jpg	WF-028
WF-210	CFD-WF-210-086-N.jpg	WF-210
WF-231	CFD-WF-231-099-N.jpg	WF-231
WF-252	CFD-WF-252-159-N.jpg	WF-252
WM-024	CFD-WM-024-003-HO.jpg	WM-024
WM-024	CFD-WM-024-007-HC.jpg	WM-024
WM-024	CFD-WM-024-010-A.jpg	WM-024
WM-024	CFD-WM-024-015-N.jpg	WM-024
WM-024	CFD-WM-024-019-F.jpg	WM-024
WM-205	CFD-WM-205-007-N.jpg	WM-205
WM-227	CFD-WM-227-099-N.jpg	WM-227
AM-250	CFD-AM-250-149-N.jpg	AM-250
AM-251	CFD-AM-251-124-N.jpg	AM-251
AM-252	CFD-AM-252-114-N.jpg	AM-252
AM-253	CFD-AM-253-161-N.jpg	AM-253
BF-001	CFD-BF-001-009-F.jpg	BF-001
BF-001	CFD-BF-001-018-HO.jpg	BF-001
BF-001	CFD-BF-001-021-HC.jpg	BF-001
BF-001	CFD-BF-001-025-N.jpg	BF-001
BF-001	CFD-BF-001-026-A.jpg	BF-001
BF-002	CFD-BF-002-001-N.jpg	BF-002
BF-002	CFD-BF-002-004-HO.jpg	BF-002
BF-002	CFD-BF-002-006-HC.jpg	BF-002
BF-002	CFD-BF-002-018-A.jpg	BF-002
BF-002	CFD-BF-002-022-F.jpg	BF-002
BF-003	CFD-BF-003-003-N.jpg	BF-003
BF-003	CFD-BF-003-004-HO.jpg	BF-003
BF-003	CFD-BF-003-007-HC.jpg	BF-003
BF-003	CFD-BF-003-016-A.jpg	BF-003
BF-003	CFD-BF-003-020-F.jpg	BF-003
BF-004	CFD-BF-004-002-F.jpg	BF-004
BF-004	CFD-BF-004-008-HC.jpg	BF-004
BF-004	CFD-BF-004-009-HO.jpg	BF-004
BF-004	CFD-BF-004-014-N.jpg	BF-004
BF-004	CFD-BF-004-021-A.jpg	BF-004
BF-005	CFD-BF-005-001-N.jpg	BF-005
BF-005	CFD-BF-005-005-HO.jpg	BF-005
BF-005	CFD-BF-005-010-HC.jpg	BF-005
BF-005	CFD-BF-005-020-A.jpg	BF-005
BF-005	CFD-BF-005-022-F.jpg	BF-005
BF-006	CFD-BF-006-006-HO.jpg	BF-006
BF-006	CFD-BF-006-008-HC.jpg	BF-006
BF-006	CFD-BF-006-012-A.jpg	BF-006
BF-006	CFD-BF-006-017-N.jpg	BF-006
BF-006	CFD-BF-006-018-F.jpg	BF-006
BF-007	CFD-BF-007-001-N.jpg	BF-007
BF-007	CFD-BF-007-004-HO.jpg	BF-007
BF-007	CFD-BF-007-006-HC.jpg	BF-007
BF-007	CFD-BF-007-013-A.jpg	BF-007
BF-007	CFD-BF-007-024-F.jpg	BF-007
BF-008	CFD-BF-008-001-N.jpg	BF-008
BF-008	CFD-BF-008-003-HO.jpg	BF-008
BF-008	CFD-BF-008-007-HC.jpg	BF-008
BF-008	CFD-BF-008-012-A.jpg	BF-008
BF-008	CFD-BF-008-018-F.jpg	BF-008
BF-009	CFD-BF-009-002-N.jpg	BF-009
BF-009	CFD-BF-009-006-HO.jpg	BF-009
BF-009	CFD-BF-009-008-HC.jpg	BF-009
BF-009	CFD-BF-009-019-F.jpg	BF-009
BF-009	CFD-BF-009-024-A.jpg	BF-009
BF-010	CFD-BF-010-001-N.jpg	BF-010
BF-010	CFD-BF-010-003-HO.jpg	BF-010
BF-010	CFD-BF-010-005-HC.jpg	BF-010
BF-010	CFD-BF-010-015-F.jpg	BF-010
BF-010	CFD-BF-010-019-A.jpg	BF-010
BF-011	CFD-BF-011-002-N.jpg	BF-011
BF-011	CFD-BF-011-004-HO.jpg	BF-011
BF-011	CFD-BF-011-005-HC.jpg	BF-011
BF-011	CFD-BF-011-011-A.jpg	BF-011
BF-011	CFD-BF-011-021-F.jpg	BF-011
BF-012	CFD-BF-012-001-N.jpg	BF-012
BF-012	CFD-BF-012-015-A.jpg	BF-012
BF-012	CFD-BF-012-018-F.jpg	BF-012
BF-012	CFD-BF-012-019-HO.jpg	BF-012
BF-012	CFD-BF-012-020-HC.jpg	BF-012
BF-013	CFD-BF-013-001-N.jpg	BF-013
BF-013	CFD-BF-013-003-HO.jpg	BF-013
BF-013	CFD-BF-013-005-HC.jpg	BF-013
BF-013	CFD-BF-013-017-A.jpg	BF-013
BF-013	CFD-BF-013-026-F.jpg	BF-013
BF-014	CFD-BF-014-002-N.jpg	BF-014
BF-014	CFD-BF-014-004-HO.jpg	BF-014
BF-014	CFD-BF-014-005-HC.jpg	BF-014
BF-014	CFD-BF-014-013-A.jpg	BF-014
BF-014	CFD-BF-014-021-F.jpg	BF-014
BF-015	CFD-BF-015-004-N.jpg	BF-015
BF-015	CFD-BF-015-006-HO.jpg	BF-015
BF-015	CFD-BF-015-007-HC.jpg	BF-015
BF-015	CFD-BF-015-022-A.jpg	BF-015
BF-015	CFD-BF-015-025-F.jpg	BF-015
BF-016	CFD-BF-016-017-N.jpg	BF-016
BF-016	CFD-BF-016-018-HO.jpg	BF-016
BF-016	CFD-BF-016-019-HC.jpg	BF-016
BF-016	CFD-BF-016-020-A.jpg	BF-016
BF-016	CFD-BF-016-021-F.jpg	BF-016
BF-018	CFD-BF-018-019-A.jpg	BF-018
BF-018	CFD-BF-018-039-N.jpg	BF-018
BF-018	CFD-BF-018-040-HO.jpg	BF-018
BF-018	CFD-BF-018-041-HC.jpg	BF-018
BF-018	CFD-BF-018-044-F.jpg	BF-018
BF-019	CFD-BF-019-001-N.jpg	BF-019
BF-019	CFD-BF-019-004-HC.jpg	BF-019
BF-019	CFD-BF-019-022-HO.jpg	BF-019
BF-019	CFD-BF-019-023-A.jpg	BF-019
BF-019	CFD-BF-019-025-F.jpg	BF-019
BF-020	CFD-BF-020-002-N.jpg	BF-020
BF-020	CFD-BF-020-004-HO.jpg	BF-020
BF-020	CFD-BF-020-016-HC.jpg	BF-020
BF-020	CFD-BF-020-017-A.jpg	BF-020
BF-020	CFD-BF-020-020-F.jpg	BF-020
BF-021	CFD-BF-021-012-F.jpg	BF-021
BF-021	CFD-BF-021-013-N.jpg	BF-021
BF-021	CFD-BF-021-014-HO.jpg	BF-021
BF-021	CFD-BF-021-015-HC.jpg	BF-021
BF-021	CFD-BF-021-016-A.jpg	BF-021
BF-023	CFD-BF-023-003-HO.jpg	BF-023
BF-023	CFD-BF-023-010-N.jpg	BF-023
BF-023	CFD-BF-023-012-HC.jpg	BF-023
BF-023	CFD-BF-023-013-A.jpg	BF-023
BF-023	CFD-BF-023-014-F.jpg	BF-023
BF-024	CFD-BF-024-002-N.jpg	BF-024
BF-024	CFD-BF-024-003-HC.jpg	BF-024
BF-024	CFD-BF-024-005-HO.jpg	BF-024
BF-024	CFD-BF-024-024-A.jpg	BF-024
BF-024	CFD-BF-024-030-F.jpg	BF-024
BF-025	CFD-BF-025-002-N.jpg	BF-025
BF-025	CFD-BF-025-005-HO.jpg	BF-025
BF-025	CFD-BF-025-011-A.jpg	BF-025
BF-025	CFD-BF-025-018-HC.jpg	BF-025
BF-025	CFD-BF-025-020-F.jpg	BF-025
BF-027	CFD-BF-027-002-N.jpg	BF-027
BF-027	CFD-BF-027-006-HO.jpg	BF-027
BF-027	CFD-BF-027-008-A.jpg	BF-027
BF-027	CFD-BF-027-013-HC.jpg	BF-027
BF-027	CFD-BF-027-016-F.jpg	BF-027
BF-028	CFD-BF-028-001-N.jpg	BF-028
BF-028	CFD-BF-028-006-HO.jpg	BF-028
BF-028	CFD-BF-028-020-HC.jpg	BF-028
BF-028	CFD-BF-028-021-A.jpg	BF-028
BF-028	CFD-BF-028-029-F.jpg	BF-028
BF-029	CFD-BF-029-005-HO.jpg	BF-029
BF-029	CFD-BF-029-031-N.jpg	BF-029
BF-029	CFD-BF-029-038-HC.jpg	BF-029
BF-029	CFD-BF-029-046-A.jpg	BF-029
BF-029	CFD-BF-029-049-F.jpg	BF-029
BF-030	CFD-BF-030-002-N.jpg	BF-030
BF-030	CFD-BF-030-007-HO.jpg	BF-030
BF-030	CFD-BF-030-009-HC.jpg	BF-030
BF-030	CFD-BF-030-023-F.jpg	BF-030
BF-031	CFD-BF-031-002-N.jpg	BF-031
BF-031	CFD-BF-031-020-A.jpg	BF-031
BF-031	CFD-BF-031-048-HC.jpg	BF-031
BF-031	CFD-BF-031-051-HO.jpg	BF-031
BF-031	CFD-BF-031-062-F.jpg	BF-031
BF-032	CFD-BF-032-006-HC.jpg	BF-032
BF-032	CFD-BF-032-017-A.jpg	BF-032
BF-032	CFD-BF-032-038-N.jpg	BF-032
BF-032	CFD-BF-032-043-HO.jpg	BF-032
BF-032	CFD-BF-032-058-F.jpg	BF-032
BF-033	CFD-BF-033-016-A.jpg	BF-033
BF-033	CFD-BF-033-028-N.jpg	BF-033
BF-033	CFD-BF-033-031-HO.jpg	BF-033
BF-033	CFD-BF-033-033-HC.jpg	BF-033
BF-033	CFD-BF-033-054-F.jpg	BF-033
BF-034	CFD-BF-034-002-N.jpg	BF-034
BF-034	CFD-BF-034-005-HO.jpg	BF-034
BF-034	CFD-BF-034-031-HC.jpg	BF-034
BF-034	CFD-BF-034-035-A.jpg	BF-034
BF-034	CFD-BF-034-044-F.jpg	BF-034
BF-035	CFD-BF-035-001-N.jpg	BF-035
BF-035	CFD-BF-035-007-HC.jpg	BF-035
BF-035	CFD-BF-035-009-A.jpg	BF-035
BF-035	CFD-BF-035-023-F.jpg	BF-035
BF-035	CFD-BF-035-027-HO.jpg	BF-035
BF-036	CFD-BF-036-020-A.jpg	BF-036
BF-036	CFD-BF-036-027-N.jpg	BF-036
BF-036	CFD-BF-036-030-HO.jpg	BF-036
BF-036	CFD-BF-036-032-HC.jpg	BF-036
BF-036	CFD-BF-036-046-F.jpg	BF-036
BF-037	CFD-BF-037-013-A.jpg	BF-037
BF-037	CFD-BF-037-022-N.jpg	BF-037
BF-037	CFD-BF-037-026-HO.jpg	BF-037
BF-037	CFD-BF-037-030-HC.jpg	BF-037
BF-037	CFD-BF-037-043-F.jpg	BF-037
BF-038	CFD-BF-038-004-HO.jpg	BF-038
BF-038	CFD-BF-038-009-HC.jpg	BF-038
BF-038	CFD-BF-038-026-F.jpg	BF-038
BF-038	CFD-BF-038-029-A.jpg	BF-038
BF-038	CFD-BF-038-037-N.jpg	BF-038
BF-039	CFD-BF-039-008-HC.jpg	BF-039
BF-039	CFD-BF-039-022-F.jpg	BF-039
BF-039	CFD-BF-039-031-N.jpg	BF-039
BF-039	CFD-BF-039-033-HO.jpg	BF-039
BF-039	CFD-BF-039-039-A.jpg	BF-039
BF-041	CFD-BF-041-001-N.jpg	BF-041
BF-041	CFD-BF-041-004-HO.jpg	BF-041
BF-041	CFD-BF-041-018-F.jpg	BF-041
BF-041	CFD-BF-041-038-HC.jpg	BF-041
BF-041	CFD-BF-041-047-A.jpg	BF-041
BF-042	CFD-BF-042-026-N.jpg	BF-042
BF-042	CFD-BF-042-028-HO.jpg	BF-042
BF-042	CFD-BF-042-031-HC.jpg	BF-042
BF-042	CFD-BF-042-034-A.jpg	BF-042
BF-042	CFD-BF-042-036-F.jpg	BF-042
BF-043	CFD-BF-043-003-N.jpg	BF-043
BF-043	CFD-BF-043-004-HO.jpg	BF-043
BF-043	CFD-BF-043-010-HC.jpg	BF-043
BF-043	CFD-BF-043-015-F.jpg	BF-043
BF-043	CFD-BF-043-038-A.jpg	BF-043
BF-044	CFD-BF-044-007-HO.jpg	BF-044
BF-044	CFD-BF-044-011-HC.jpg	BF-044
BF-044	CFD-BF-044-034-N.jpg	BF-044
BF-044	CFD-BF-044-044-A.jpg	BF-044
BF-044	CFD-BF-044-049-F.jpg	BF-044
BF-045	CFD-BF-045-003-N.jpg	BF-045
BF-045	CFD-BF-045-051-F.jpg	BF-045
BF-045	CFD-BF-045-062-HO.jpg	BF-045
BF-045	CFD-BF-045-064-HC.jpg	BF-045
BF-045	CFD-BF-045-068-A.jpg	BF-045
BF-047	CFD-BF-047-003-N.jpg	BF-047
BF-047	CFD-BF-047-004-HC.jpg	BF-047
BF-047	CFD-BF-047-028-HO.jpg	BF-047
BF-047	CFD-BF-047-046-A.jpg	BF-047
BF-047	CFD-BF-047-055-F.jpg	BF-047
BF-048	CFD-BF-048-002-N.jpg	BF-048
BF-048	CFD-BF-048-005-HO.jpg	BF-048
BF-048	CFD-BF-048-006-HC.jpg	BF-048
BF-048	CFD-BF-048-013-F.jpg	BF-048
BF-048	CFD-BF-048-038-A.jpg	BF-048
BF-049	CFD-BF-049-032-N.jpg	BF-049
BF-049	CFD-BF-049-034-HO.jpg	BF-049
BF-049	CFD-BF-049-036-HC.jpg	BF-049
BF-049	CFD-BF-049-039-A.jpg	BF-049
BF-049	CFD-BF-049-042-F.jpg	BF-049
BF-050	CFD-BF-050-003-N.jpg	BF-050
BF-050	CFD-BF-050-004-HO.jpg	BF-050
BF-050	CFD-BF-050-008-HC.jpg	BF-050
BF-050	CFD-BF-050-012-A.jpg	BF-050
BF-050	CFD-BF-050-036-F.jpg	BF-050
BF-051	CFD-BF-051-029-F.jpg	BF-051
BF-051	CFD-BF-051-035-N.jpg	BF-051
BF-051	CFD-BF-051-037-HO.jpg	BF-051
BF-051	CFD-BF-051-038-HC.jpg	BF-051
BF-051	CFD-BF-051-043-A.jpg	BF-051
BF-200	CFD-BF-200-080-N.jpg	BF-200
BF-201	CFD-BF-201-080-N.jpg	BF-201
BF-202	CFD-BF-202-109-N.jpg	BF-202
BF-203	CFD-BF-203-184-N.jpg	BF-203
BF-204	CFD-BF-204-189-N.jpg	BF-204
BF-205	CFD-BF-205-141-N.jpg	BF-205
BF-206	CFD-BF-206-143-N.jpg	BF-206
BF-207	CFD-BF-207-004-N.jpg	BF-207
BF-208	CFD-BF-208-266-N.jpg	BF-208
BF-209	CFD-BF-209-172-N.jpg	BF-209
BF-211	CFD-BF-211-168-N.jpg	BF-211
BF-212	CFD-BF-212-315-N.jpg	BF-212
BF-213	CFD-BF-213-188-N.jpg	BF-213
BF-214	CFD-BF-214-308-N.jpg	BF-214
BF-215	CFD-BF-215-177-N.jpg	BF-215
BF-216	CFD-BF-216-132-N.jpg	BF-216
BF-217	CFD-BF-217-189-N.jpg	BF-217
BF-218	CFD-BF-218-207-N.jpg	BF-218
BF-219	CFD-BF-219-137-N.jpg	BF-219
BF-220	CFD-BF-220-161-N.jpg	BF-220
BF-221	CFD-BF-221-223-N.jpg	BF-221
BF-222	CFD-BF-222-240-N.jpg	BF-222
BF-223	CFD-BF-223-250-N.jpg	BF-223
BF-224	CFD-BF-224-002-N.jpg	BF-224
BF-225	CFD-BF-225-192-N.jpg	BF-225
BF-226	CFD-BF-226-119-N.jpg	BF-226
BF-227	CFD-BF-227-137-N.jpg	BF-227
BF-228	CFD-BF-228-212-N.jpg	BF-228
BF-229	CFD-BF-229-179-N.jpg	BF-229
BF-230	CFD-BF-230-189-N.jpg	BF-230
BF-232	CFD-BF-232-187-N.jpg	BF-232
BF-233	CFD-BF-233-116-N.jpg	BF-233
BF-234	CFD-BF-234-167-N.jpg	BF-234
BF-235	CFD-BF-235-168-N.jpg	BF-235
BF-236	CFD-BF-236-177-N.jpg	BF-236
BF-237	CFD-BF-237-172-N.jpg	BF-237
BF-238	CFD-BF-238-190-N.jpg	BF-238
BF-239	CFD-BF-239-180-N.jpg	BF-239
BF-240	CFD-BF-240-179-N.jpg	BF-240
BF-241	CFD-BF-241-222-N.jpg	BF-241
BF-242	CFD-BF-242-154-N.jpg	BF-242
BF-243	CFD-BF-243-164-N.jpg	BF-243
BF-244	CFD-BF-244-231-N.jpg	BF-244
BF-245	CFD-BF-245-178-N.jpg	BF-245
BF-246	CFD-BF-246-170-N.jpg	BF-246
BF-247	CFD-BF-247-179-N.jpg	BF-247
BF-248	CFD-BF-248-149-N.jpg	BF-248
BF-249	CFD-BF-249-091-N.jpg	BF-249
BF-250	CFD-BF-250-121-N.jpg	BF-250
BF-251	CFD-BF-251-211-N.jpg	BF-251
BF-253	CFD-BF-253-202-N.jpg	BF-253
BF-254	CFD-BF-254-201-N.jpg	BF-254
BF-255	CFD-BF-255-140-N.jpg	BF-255
BM-001	CFD-BM-001-007-F.jpg	BM-001
BM-001	CFD-BM-001-011-HO.jpg	BM-001
BM-001	CFD-BM-001-014-N.jpg	BM-001
BM-001	CFD-BM-001-022-A.jpg	BM-001
BM-002	CFD-BM-002-002-F.jpg	BM-002
BM-002	CFD-BM-002-007-HO.jpg	BM-002
BM-002	CFD-BM-002-011-HC.jpg	BM-002
BM-002	CFD-BM-002-013-N.jpg	BM-002
BM-002	CFD-BM-002-016-A.jpg	BM-002
BM-003	CFD-BM-003-003-N.jpg	BM-003
BM-003	CFD-BM-003-021-HO.jpg	BM-003
BM-003	CFD-BM-003-030-A.jpg	BM-003
BM-003	CFD-BM-003-031-F.jpg	BM-003
BM-004	CFD-BM-004-002-N.jpg	BM-004
BM-005	CFD-BM-005-003-N.jpg	BM-005
BM-005	CFD-BM-005-005-HO.jpg	BM-005
BM-005	CFD-BM-005-010-A.jpg	BM-005
BM-005	CFD-BM-005-016-F.jpg	BM-005
BM-009	CFD-BM-009-002-N.jpg	BM-009
BM-009	CFD-BM-009-003-HO.jpg	BM-009
BM-009	CFD-BM-009-006-HC.jpg	BM-009
BM-009	CFD-BM-009-008-A.jpg	BM-009
BM-009	CFD-BM-009-009-F.jpg	BM-009
BM-010	CFD-BM-010-003-N.jpg	BM-010
BM-010	CFD-BM-010-004-HO.jpg	BM-010
BM-010	CFD-BM-010-015-F.jpg	BM-010
BM-010	CFD-BM-010-019-A.jpg	BM-010
BM-011	CFD-BM-011-013-F.jpg	BM-011
BM-011	CFD-BM-011-016-N.jpg	BM-011
BM-011	CFD-BM-011-017-HO.jpg	BM-011
BM-011	CFD-BM-011-019-HC.jpg	BM-011
BM-011	CFD-BM-011-020-A.jpg	BM-011
BM-012	CFD-BM-012-018-N.jpg	BM-012
BM-013	CFD-BM-013-002-N.jpg	BM-013
BM-013	CFD-BM-013-004-HO.jpg	BM-013
BM-013	CFD-BM-013-014-HC.jpg	BM-013
BM-013	CFD-BM-013-016-A.jpg	BM-013
BM-013	CFD-BM-013-019-F.jpg	BM-013
BM-015	CFD-BM-015-012-A.jpg	BM-015
BM-015	CFD-BM-015-014-F.jpg	BM-015
BM-015	CFD-BM-015-015-N.jpg	BM-015
BM-015	CFD-BM-015-016-HO.jpg	BM-015
BM-015	CFD-BM-015-017-HC.jpg	BM-015
BM-016	CFD-BM-016-030-F.jpg	BM-016
BM-016	CFD-BM-016-036-N.jpg	BM-016
BM-016	CFD-BM-016-040-HO.jpg	BM-016
BM-016	CFD-BM-016-042-A.jpg	BM-016
BM-017	CFD-BM-017-021-N.jpg	BM-017
BM-017	CFD-BM-017-035-A.jpg	BM-017
BM-017	CFD-BM-017-052-HC.jpg	BM-017
BM-017	CFD-BM-017-064-F.jpg	BM-017
BM-018	CFD-BM-018-001-N.jpg	BM-018
BM-018	CFD-BM-018-004-HC.jpg	BM-018
BM-018	CFD-BM-018-007-HO.jpg	BM-018
BM-018	CFD-BM-018-012-A.jpg	BM-018
BM-018	CFD-BM-018-040-F.jpg	BM-018
BM-019	CFD-BM-019-002-N.jpg	BM-019
BM-019	CFD-BM-019-004-HO.jpg	BM-019
BM-019	CFD-BM-019-008-HC.jpg	BM-019
BM-019	CFD-BM-019-045-A.jpg	BM-019
BM-019	CFD-BM-019-049-F.jpg	BM-019
BM-020	CFD-BM-020-001-N.jpg	BM-020
BM-020	CFD-BM-020-016-F.jpg	BM-020
BM-020	CFD-BM-020-024-HC.jpg	BM-020
BM-020	CFD-BM-020-026-HO.jpg	BM-020
BM-020	CFD-BM-020-037-A.jpg	BM-020
BM-021	CFD-BM-021-009-HC.jpg	BM-021
BM-021	CFD-BM-021-021-N.jpg	BM-021
BM-021	CFD-BM-021-022-HO.jpg	BM-021
BM-021	CFD-BM-021-026-A.jpg	BM-021
BM-021	CFD-BM-021-029-F.jpg	BM-021
BM-023	CFD-BM-023-006-HO.jpg	BM-023
BM-023	CFD-BM-023-011-A.jpg	BM-023
BM-023	CFD-BM-023-029-N.jpg	BM-023
BM-023	CFD-BM-023-034-HC.jpg	BM-023
BM-023	CFD-BM-023-039-F.jpg	BM-023
BM-024	CFD-BM-024-001-N.jpg	BM-024
BM-024	CFD-BM-024-018-A.jpg	BM-024
BM-024	CFD-BM-024-061-HO.jpg	BM-024
BM-024	CFD-BM-024-104-F.jpg	BM-024
BM-024	CFD-BM-024-113-HC.jpg	BM-024
BM-025	CFD-BM-025-004-HC.jpg	BM-025
BM-025	CFD-BM-025-035-N.jpg	BM-025
BM-025	CFD-BM-025-040-HO.jpg	BM-025
BM-025	CFD-BM-025-045-A.jpg	BM-025
BM-025	CFD-BM-025-051-F.jpg	BM-025
BM-026	CFD-BM-026-002-N.jpg	BM-026
BM-026	CFD-BM-026-006-HC.jpg	BM-026
BM-026	CFD-BM-026-009-HO.jpg	BM-026
BM-026	CFD-BM-026-017-A.jpg	BM-026
BM-026	CFD-BM-026-041-F.jpg	BM-026
BM-027	CFD-BM-027-001-N.jpg	BM-027
BM-028	CFD-BM-028-002-N.jpg	BM-028
BM-028	CFD-BM-028-012-A.jpg	BM-028
BM-028	CFD-BM-028-028-HO.jpg	BM-028
BM-028	CFD-BM-028-031-HC.jpg	BM-028
BM-028	CFD-BM-028-050-F.jpg	BM-028
BM-029	CFD-BM-029-020-F.jpg	BM-029
BM-029	CFD-BM-029-024-N.jpg	BM-029
BM-029	CFD-BM-029-026-HC.jpg	BM-029
BM-029	CFD-BM-029-029-HO.jpg	BM-029
BM-030	CFD-BM-030-003-N.jpg	BM-030
BM-030	CFD-BM-030-004-HO.jpg	BM-030
BM-030	CFD-BM-030-008-HC.jpg	BM-030
BM-030	CFD-BM-030-041-A.jpg	BM-030
BM-030	CFD-BM-030-065-F.jpg	BM-030
BM-031	CFD-BM-031-003-N.jpg	BM-031
BM-031	CFD-BM-031-004-HO.jpg	BM-031
BM-031	CFD-BM-031-009-HC.jpg	BM-031
BM-031	CFD-BM-031-030-A.jpg	BM-031
BM-031	CFD-BM-031-034-F.jpg	BM-031
BM-032	CFD-BM-032-007-HO.jpg	BM-032
BM-032	CFD-BM-032-010-HC.jpg	BM-032
BM-032	CFD-BM-032-015-A.jpg	BM-032
BM-032	CFD-BM-032-024-N.jpg	BM-032
BM-032	CFD-BM-032-039-F.jpg	BM-032
BM-033	CFD-BM-033-003-N.jpg	BM-033
BM-033	CFD-BM-033-026-HC.jpg	BM-033
BM-033	CFD-BM-033-029-HO.jpg	BM-033
BM-033	CFD-BM-033-032-A.jpg	BM-033
BM-033	CFD-BM-033-038-F.jpg	BM-033
BM-034	CFD-BM-034-025-F.jpg	BM-034
BM-034	CFD-BM-034-031-N.jpg	BM-034
BM-034	CFD-BM-034-033-HO.jpg	BM-034
BM-034	CFD-BM-034-035-HC.jpg	BM-034
BM-034	CFD-BM-034-040-A.jpg	BM-034
BM-036	CFD-BM-036-003-N.jpg	BM-036
BM-036	CFD-BM-036-004-HO.jpg	BM-036
BM-036	CFD-BM-036-007-HC.jpg	BM-036
BM-036	CFD-BM-036-037-A.jpg	BM-036
BM-036	CFD-BM-036-045-F.jpg	BM-036
BM-037	CFD-BM-037-033-N.jpg	BM-037
BM-037	CFD-BM-037-036-HO.jpg	BM-037
BM-037	CFD-BM-037-038-HC.jpg	BM-037
BM-037	CFD-BM-037-041-A.jpg	BM-037
BM-037	CFD-BM-037-088-F.jpg	BM-037
BM-038	CFD-BM-038-001-N.jpg	BM-038
BM-038	CFD-BM-038-004-HC.jpg	BM-038
BM-038	CFD-BM-038-007-HO.jpg	BM-038
BM-038	CFD-BM-038-017-F.jpg	BM-038
BM-038	CFD-BM-038-038-A.jpg	BM-038
BM-039	CFD-BM-039-029-N.jpg	BM-039
BM-039	CFD-BM-039-031-HC.jpg	BM-039
BM-039	CFD-BM-039-034-HO.jpg	BM-039
BM-039	CFD-BM-039-037-A.jpg	BM-039
BM-039	CFD-BM-039-044-F.jpg	BM-039
BM-040	CFD-BM-040-002-N.jpg	BM-040
BM-040	CFD-BM-040-013-A.jpg	BM-040
BM-040	CFD-BM-040-030-HO.jpg	BM-040
BM-040	CFD-BM-040-032-HC.jpg	BM-040
BM-041	CFD-BM-041-030-F.jpg	BM-041
BM-041	CFD-BM-041-035-N.jpg	BM-041
BM-041	CFD-BM-041-041-HO.jpg	BM-041
BM-041	CFD-BM-041-045-HC.jpg	BM-041
BM-041	CFD-BM-041-048-A.jpg	BM-041
BM-043	CFD-BM-043-014-A.jpg	BM-043
BM-043	CFD-BM-043-071-N.jpg	BM-043
BM-043	CFD-BM-043-072-HC.jpg	BM-043
BM-043	CFD-BM-043-076-HO.jpg	BM-043
BM-044	CFD-BM-044-001-N.jpg	BM-044
BM-044	CFD-BM-044-037-HO.jpg	BM-044
BM-044	CFD-BM-044-038-HC.jpg	BM-044
BM-044	CFD-BM-044-051-F.jpg	BM-044
BM-046	CFD-BM-046-006-N.jpg	BM-046
BM-046	CFD-BM-046-039-HO.jpg	BM-046
BM-046	CFD-BM-046-042-HC.jpg	BM-046
BM-046	CFD-BM-046-048-A.jpg	BM-046
BM-046	CFD-BM-046-063-F.jpg	BM-046
BM-200	CFD-BM-200-046-N.jpg	BM-200
BM-201	CFD-BM-201-077-N.jpg	BM-201
BM-202	CFD-BM-202-063-N.jpg	BM-202
BM-203	CFD-BM-203-001-N.jpg	BM-203
BM-204	CFD-BM-204-003-N.jpg	BM-204
BM-205	CFD-BM-205-001-N.jpg	BM-205
BM-206	CFD-BM-206-114-N.jpg	BM-206
BM-207	CFD-BM-207-024-N.jpg	BM-207
BM-208	CFD-BM-208-065-N.jpg	BM-208
BM-209	CFD-BM-209-088-N.jpg	BM-209
BM-210	CFD-BM-210-148-N.jpg	BM-210
BM-211	CFD-BM-211-174-N.jpg	BM-211
BM-212	CFD-BM-212-117-N.jpg	BM-212
BM-213	CFD-BM-213-134-N.jpg	BM-213
BM-214	CFD-BM-214-075-N.jpg	BM-214
BM-215	CFD-BM-215-155-N.jpg	BM-215
BM-216	CFD-BM-216-088-N.jpg	BM-216
BM-217	CFD-BM-217-082-N.jpg	BM-217
BM-218	CFD-BM-218-132-N.jpg	BM-218
BM-221	CFD-BM-221-198-N.jpg	BM-221
BM-222	CFD-BM-222-173-N.jpg	BM-222
BM-223	CFD-BM-223-171-N.jpg	BM-223
BM-224	CFD-BM-224-073-N.jpg	BM-224
BM-225	CFD-BM-225-154-N.jpg	BM-225
BM-226	CFD-BM-226-276-N.jpg	BM-226
BM-227	CFD-BM-227-191-N.jpg	BM-227
BM-228	CFD-BM-228-145-N.jpg	BM-228
BM-229	CFD-BM-229-209-N.jpg	BM-229
BM-230	CFD-BM-230-232-N.jpg	BM-230
BM-231	CFD-BM-231-155-N.jpg	BM-231
BM-232	CFD-BM-232-213-N.jpg	BM-232
BM-233	CFD-BM-233-285-N.jpg	BM-233
BM-234	CFD-BM-234-172-N.jpg	BM-234
BM-235	CFD-BM-235-226-N.jpg	BM-235
BM-236	CFD-BM-236-248-N.jpg	BM-236
BM-237	CFD-BM-237-188-N.jpg	BM-237
BM-238	CFD-BM-238-242-N.jpg	BM-238
BM-239	CFD-BM-239-136-N.jpg	BM-239
BM-240	CFD-BM-240-207-N.jpg	BM-240
BM-242	CFD-BM-242-233-N.jpg	BM-242
BM-243	CFD-BM-243-218-N.jpg	BM-243
BM-244	CFD-BM-244-197-N.jpg	BM-244
BM-245	CFD-BM-245-164-N.jpg	BM-245
BM-246	CFD-BM-246-192-N.jpg	BM-246
BM-247	CFD-BM-247-240-N.jpg	BM-247
BM-248	CFD-BM-248-128-N.jpg	BM-248
BM-249	CFD-BM-249-235-N.jpg	BM-249
BM-250	CFD-BM-250-170-N.jpg	BM-250
BM-251	CFD-BM-251-013-N.jpg	BM-251
BM-252	CFD-BM-252-161-N.jpg	BM-252
BM-253	CFD-BM-253-004-N.jpg	BM-253
LF-200	CFD-LF-200-058-N.jpg	LF-200
LF-201	CFD-LF-201-035-N.jpg	LF-201
LF-202	CFD-LF-202-065-N.jpg	LF-202
LF-203	CFD-LF-203-066-N.jpg	LF-203
LF-204	CFD-LF-204-133-N.jpg	LF-204
LF-205	CFD-LF-205-100-N.jpg	LF-205
LF-206	CFD-LF-206-078-N.jpg	LF-206
LF-207	CFD-LF-207-198-N.jpg	LF-207
LF-209	CFD-LF-209-072-N.jpg	LF-209
LF-210	CFD-LF-210-220-N.jpg	LF-210
LF-211	CFD-LF-211-003-N.jpg	LF-211
LF-212	CFD-LF-212-066-N.jpg	LF-212
LF-213	CFD-LF-213-079-N.jpg	LF-213
LF-214	CFD-LF-214-090-N.jpg	LF-214
LF-215	CFD-LF-215-157-N.jpg	LF-215
LF-216	CFD-LF-216-121-N.jpg	LF-216
LF-217	CFD-LF-217-082-N.jpg	LF-217
LF-218	CFD-LF-218-072-N.jpg	LF-218
LF-219	CFD-LF-219-223-N.jpg	LF-219
LF-220	CFD-LF-220-120-N.jpg	LF-220
LF-221	CFD-LF-221-002-N.jpg	LF-221
LF-222	CFD-LF-222-147-N.jpg	LF-222
LF-223	CFD-LF-223-064-N.jpg	LF-223
LF-224	CFD-LF-224-176-N.jpg	LF-224
LF-225	CFD-LF-225-164-N.jpg	LF-225
LF-226	CFD-LF-226-174-N.jpg	LF-226
LF-227	CFD-LF-227-054-N.jpg	LF-227
LF-228	CFD-LF-228-125-N.jpg	LF-228
LF-230	CFD-LF-230-203-N.jpg	LF-230
LF-231	CFD-LF-231-260-N.jpg	LF-231
LF-232	CFD-LF-232-199-N.jpg	LF-232
LF-233	CFD-LF-233-277-N.jpg	LF-233
LF-234	CFD-LF-234-139-N.jpg	LF-234
LF-235	CFD-LF-235-219-N.jpg	LF-235
LF-236	CFD-LF-236-221-N.jpg	LF-236
LF-237	CFD-LF-237-190-N.jpg	LF-237
LF-238	CFD-LF-238-154-N.jpg	LF-238
LF-239	CFD-LF-239-148-N.jpg	LF-239
LF-240	CFD-LF-240-199-N.jpg	LF-240
LF-241	CFD-LF-241-188-N.jpg	LF-241
LF-242	CFD-LF-242-121-N.jpg	LF-242
LF-243	CFD-LF-243-175-N.jpg	LF-243
LF-244	CFD-LF-244-096-N.jpg	LF-244
LF-245	CFD-LF-245-166-N.jpg	LF-245
LF-246	CFD-LF-246-129-N.jpg	LF-246
LF-247	CFD-LF-247-051-N.jpg	LF-247
LF-248	CFD-LF-248-160-N.jpg	LF-248
LF-249	CFD-LF-249-132-N.jpg	LF-249
LF-251	CFD-LF-251-057-N.jpg	LF-251
LF-252	CFD-LF-252-172-N.jpg	LF-252
LF-253	CFD-LF-253-003-N.jpg	LF-253
LF-254	CFD-LF-254-125-N.jpg	LF-254
LF-255	CFD-LF-255-088-N.jpg	LF-255
LM-200	CFD-LM-200-045-N.jpg	LM-200
LM-201	CFD-LM-201-057-N.jpg	LM-201
LM-202	CFD-LM-202-072-N.jpg	LM-202
LM-203	CFD-LM-203-026-N.jpg	LM-203
LM-204	CFD-LM-204-001-N.jpg	LM-204
LM-206	CFD-LM-206-204-N.jpg	LM-206
LM-207	CFD-LM-207-004-N.jpg	LM-207
LM-208	CFD-LM-208-110-N.jpg	LM-208
LM-209	CFD-LM-209-111-N.jpg	LM-209
LM-210	CFD-LM-210-156-N.jpg	LM-210
LM-211	CFD-LM-211-128-N.jpg	LM-211
LM-212	CFD-LM-212-143-N.jpg	LM-212
LM-213	CFD-LM-213-061-N.jpg	LM-213
LM-214	CFD-LM-214-165-N.jpg	LM-214
LM-215	CFD-LM-215-247-N.jpg	LM-215
LM-217	CFD-LM-217-162-N.jpg	LM-217
LM-218	CFD-LM-218-183-N.jpg	LM-218
LM-219	CFD-LM-219-295-N.jpg	LM-219
LM-220	CFD-LM-220-329-N.jpg	LM-220
LM-221	CFD-LM-221-216-N.jpg	LM-221
LM-222	CFD-LM-222-239-N.jpg	LM-222
LM-223	CFD-LM-223-175-N.jpg	LM-223
LM-224	CFD-LM-224-162-N.jpg	LM-224
LM-225	CFD-LM-225-130-N.jpg	LM-225
LM-226	CFD-LM-226-175-N.jpg	LM-226
LM-227	CFD-LM-227-103-N.jpg	LM-227
LM-228	CFD-LM-228-188-N.jpg	LM-228
LM-229	CFD-LM-229-187-N.jpg	LM-229
LM-230	CFD-LM-230-202-N.jpg	LM-230
LM-231	CFD-LM-231-214-N.jpg	LM-231
LM-232	CFD-LM-232-204-N.jpg	LM-232
LM-233	CFD-LM-233-171-N.jpg	LM-233
LM-234	CFD-LM-234-176-N.jpg	LM-234
LM-235	CFD-LM-235-231-N.jpg	LM-235
LM-236	CFD-LM-236-163-N.jpg	LM-236
LM-238	CFD-LM-238-129-N.jpg	LM-238
LM-239	CFD-LM-239-075-N.jpg	LM-239
LM-240	CFD-LM-240-013-N.jpg	LM-240
LM-241	CFD-LM-241-125-N.jpg	LM-241
LM-242	CFD-LM-242-002-N.jpg	LM-242
LM-243	CFD-LM-243-075-N.jpg	LM-243
LM-244	CFD-LM-244-068-N.jpg	LM-244
LM-246	CFD-LM-246-087-N.jpg	LM-246
LM-247	CFD-LM-247-095-N.jpg	LM-247
LM-248	CFD-LM-248-089-N.jpg	LM-248
LM-249	CFD-LM-249-001-N.jpg	LM-249
LM-250	CFD-LM-250-077-N.jpg	LM-250
LM-251	CFD-LM-251-073-N.jpg	LM-251
LM-252	CFD-LM-252-076-N.jpg	LM-252
LM-253	CFD-LM-253-075-N.jpg	LM-253
WF-001	CFD-WF-001-003-N.jpg	WF-001
WF-001	CFD-WF-001-009-HO.jpg	WF-001
WF-001	CFD-WF-001-010-HC.jpg	WF-001
WF-001	CFD-WF-001-016-A.jpg	WF-001
WF-001	CFD-WF-001-027-F.jpg	WF-001
WF-002	CFD-WF-002-004-N.jpg	WF-002
WF-002	CFD-WF-002-008-HC.jpg	WF-002
WF-002	CFD-WF-002-025-F.jpg	WF-002
WF-002	CFD-WF-002-033-A.jpg	WF-002
WF-003	CFD-WF-003-003-N.jpg	WF-003
WF-003	CFD-WF-003-004-HO.jpg	WF-003
WF-003	CFD-WF-003-007-HC.jpg	WF-003
WF-003	CFD-WF-003-014-A.jpg	WF-003
WF-003	CFD-WF-003-025-F.jpg	WF-003
WF-005	CFD-WF-005-010-N.jpg	WF-005
WF-005	CFD-WF-005-013-HO.jpg	WF-005
WF-005	CFD-WF-005-016-HC.jpg	WF-005
WF-005	CFD-WF-005-022-A.jpg	WF-005
WF-005	CFD-WF-005-027-F.jpg	WF-005
WF-006	CFD-WF-006-002-N.jpg	WF-006
WF-006	CFD-WF-006-003-HC.jpg	WF-006
WF-006	CFD-WF-006-006-HO.jpg	WF-006
WF-006	CFD-WF-006-011-F.jpg	WF-006
WF-006	CFD-WF-006-019-A.jpg	WF-006
WF-008	CFD-WF-008-002-N.jpg	WF-008
WF-008	CFD-WF-008-003-HO.jpg	WF-008
WF-008	CFD-WF-008-005-HC.jpg	WF-008
WF-008	CFD-WF-008-011-A.jpg	WF-008
WF-008	CFD-WF-008-016-F.jpg	WF-008
WF-009	CFD-WF-009-001-N.jpg	WF-009
WF-009	CFD-WF-009-004-HO.jpg	WF-009
WF-009	CFD-WF-009-006-HC.jpg	WF-009
WF-009	CFD-WF-009-010-A.jpg	WF-009
WF-009	CFD-WF-009-015-F.jpg	WF-009
WF-010	CFD-WF-010-004-N.jpg	WF-010
WF-010	CFD-WF-010-006-HO.jpg	WF-010
WF-010	CFD-WF-010-008-HC.jpg	WF-010
WF-010	CFD-WF-010-013-F.jpg	WF-010
WF-010	CFD-WF-010-014-A.jpg	WF-010
WF-011	CFD-WF-011-002-N.jpg	WF-011
WF-011	CFD-WF-011-003-HO.jpg	WF-011
WF-011	CFD-WF-011-006-HC.jpg	WF-011
WF-011	CFD-WF-011-011-A.jpg	WF-011
WF-011	CFD-WF-011-016-F.jpg	WF-011
WF-012	CFD-WF-012-002-N.jpg	WF-012
WF-012	CFD-WF-012-004-HC.jpg	WF-012
WF-012	CFD-WF-012-007-HO.jpg	WF-012
WF-012	CFD-WF-012-012-A.jpg	WF-012
WF-012	CFD-WF-012-017-F.jpg	WF-012
WF-013	CFD-WF-013-003-N.jpg	WF-013
WF-013	CFD-WF-013-006-HO.jpg	WF-013
WF-013	CFD-WF-013-009-HC.jpg	WF-013
WF-013	CFD-WF-013-015-A.jpg	WF-013
WF-013	CFD-WF-013-019-F.jpg	WF-013
WF-014	CFD-WF-014-002-N.jpg	WF-014
WF-014	CFD-WF-014-004-HO.jpg	WF-014
WF-014	CFD-WF-014-009-HC.jpg	WF-014
WF-014	CFD-WF-014-012-A.jpg	WF-014
WF-014	CFD-WF-014-023-F.jpg	WF-014
WF-015	CFD-WF-015-006-N.jpg	WF-015
WF-015	CFD-WF-015-014-A.jpg	WF-015
WF-015	CFD-WF-015-022-HO.jpg	WF-015
WF-015	CFD-WF-015-023-HC.jpg	WF-015
WF-015	CFD-WF-015-027-F.jpg	WF-015
WF-016	CFD-WF-016-003-HO.jpg	WF-016
WF-016	CFD-WF-016-015-N.jpg	WF-016
WF-016	CFD-WF-016-017-HC.jpg	WF-016
WF-016	CFD-WF-016-021-A.jpg	WF-016
WF-016	CFD-WF-016-024-F.jpg	WF-016
WF-017	CFD-WF-017-003-N.jpg	WF-017
WF-017	CFD-WF-017-012-F.jpg	WF-017
WF-017	CFD-WF-017-015-HO.jpg	WF-017
WF-017	CFD-WF-017-016-HC.jpg	WF-017
WF-017	CFD-WF-017-023-A.jpg	WF-017
WF-018	CFD-WF-018-012-A.jpg	WF-018
WF-018	CFD-WF-018-013-F.jpg	WF-018
WF-018	CFD-WF-018-017-N.jpg	WF-018
WF-018	CFD-WF-018-018-HO.jpg	WF-018
WF-018	CFD-WF-018-019-HC.jpg	WF-018
WF-019	CFD-WF-019-005-N.jpg	WF-019
WF-019	CFD-WF-019-015-A.jpg	WF-019
WF-019	CFD-WF-019-024-F.jpg	WF-019
WF-019	CFD-WF-019-032-HC.jpg	WF-019
WF-019	CFD-WF-019-035-HO.jpg	WF-019
WF-020	CFD-WF-020-002-N.jpg	WF-020
WF-020	CFD-WF-020-007-HC.jpg	WF-020
WF-020	CFD-WF-020-012-A.jpg	WF-020
WF-020	CFD-WF-020-023-HO.jpg	WF-020
WF-020	CFD-WF-020-027-F.jpg	WF-020
WF-021	CFD-WF-021-002-N.jpg	WF-021
WF-021	CFD-WF-021-006-HC.jpg	WF-021
WF-021	CFD-WF-021-013-F.jpg	WF-021
WF-021	CFD-WF-021-016-HO.jpg	WF-021
WF-021	CFD-WF-021-018-A.jpg	WF-021
WF-022	CFD-WF-022-007-HC.jpg	WF-022
WF-022	CFD-WF-022-014-F.jpg	WF-022
WF-022	CFD-WF-022-017-N.jpg	WF-022
WF-022	CFD-WF-022-019-HO.jpg	WF-022
WF-022	CFD-WF-022-023-A.jpg	WF-022
WF-023	CFD-WF-023-003-N.jpg	WF-023
WF-023	CFD-WF-023-013-A.jpg	WF-023
WF-023	CFD-WF-023-020-HO.jpg	WF-023
WF-023	CFD-WF-023-021-HC.jpg	WF-023
WF-023	CFD-WF-023-026-F.jpg	WF-023
WF-024	CFD-WF-024-003-N.jpg	WF-024
WF-024	CFD-WF-024-006-HO.jpg	WF-024
WF-024	CFD-WF-024-010-HC.jpg	WF-024
WF-024	CFD-WF-024-029-A.jpg	WF-024
WF-024	CFD-WF-024-031-F.jpg	WF-024
WF-025	CFD-WF-025-006-HO.jpg	WF-025
WF-025	CFD-WF-025-015-A.jpg	WF-025
WF-025	CFD-WF-025-019-N.jpg	WF-025
WF-025	CFD-WF-025-023-HC.jpg	WF-025
WF-025	CFD-WF-025-031-F.jpg	WF-025
WF-026	CFD-WF-026-002-N.jpg	WF-026
WF-026	CFD-WF-026-008-A.jpg	WF-026
WF-026	CFD-WF-026-017-HO.jpg	WF-026
WF-026	CFD-WF-026-018-HC.jpg	WF-026
WF-026	CFD-WF-026-024-F.jpg	WF-026
WF-027	CFD-WF-027-003-N.jpg	WF-027
WF-027	CFD-WF-027-007-HC.jpg	WF-027
WF-027	CFD-WF-027-014-A.jpg	WF-027
WF-027	CFD-WF-027-015-F.jpg	WF-027
WF-027	CFD-WF-027-021-HO.jpg	WF-027
WF-029	CFD-WF-029-002-N.jpg	WF-029
WF-029	CFD-WF-029-018-F.jpg	WF-029
WF-029	CFD-WF-029-021-HO.jpg	WF-029
WF-029	CFD-WF-029-023-HC.jpg	WF-029
WF-029	CFD-WF-029-026-A.jpg	WF-029
WF-030	CFD-WF-030-002-N.jpg	WF-030
WF-030	CFD-WF-030-003-HO.jpg	WF-030
WF-030	CFD-WF-030-026-F.jpg	WF-030
WF-030	CFD-WF-030-031-HC.jpg	WF-030
WF-030	CFD-WF-030-033-A.jpg	WF-030
WF-031	CFD-WF-031-005-HO.jpg	WF-031
WF-031	CFD-WF-031-009-HC.jpg	WF-031
WF-031	CFD-WF-031-015-A.jpg	WF-031
WF-031	CFD-WF-031-027-N.jpg	WF-031
WF-031	CFD-WF-031-045-F.jpg	WF-031
WF-033	CFD-WF-033-002-N.jpg	WF-033
WF-033	CFD-WF-033-005-HO.jpg	WF-033
WF-033	CFD-WF-033-031-A.jpg	WF-033
WF-033	CFD-WF-033-035-F.jpg	WF-033
WF-033	CFD-WF-033-041-HC.jpg	WF-033
WF-034	CFD-WF-034-006-N.jpg	WF-034
WF-034	CFD-WF-034-016-A.jpg	WF-034
WF-034	CFD-WF-034-028-F.jpg	WF-034
WF-034	CFD-WF-034-033-HO.jpg	WF-034
WF-034	CFD-WF-034-061-HC.jpg	WF-034
WF-035	CFD-WF-035-019-F.jpg	WF-035
WF-035	CFD-WF-035-024-N.jpg	WF-035
WF-035	CFD-WF-035-027-HO.jpg	WF-035
WF-035	CFD-WF-035-030-HC.jpg	WF-035
WF-035	CFD-WF-035-033-A.jpg	WF-035
WF-036	CFD-WF-036-015-A.jpg	WF-036
WF-036	CFD-WF-036-023-N.jpg	WF-036
WF-036	CFD-WF-036-026-HO.jpg	WF-036
WF-036	CFD-WF-036-030-HC.jpg	WF-036
WF-036	CFD-WF-036-040-F.jpg	WF-036
WF-037	CFD-WF-037-016-A.jpg	WF-037
WF-037	CFD-WF-037-024-F.jpg	WF-037
WF-037	CFD-WF-037-029-N.jpg	WF-037
WF-037	CFD-WF-037-034-HC.jpg	WF-037
WF-038	CFD-WF-038-021-N.jpg	WF-038
WF-038	CFD-WF-038-023-HO.jpg	WF-038
WF-038	CFD-WF-038-027-HC.jpg	WF-038
WF-038	CFD-WF-038-030-A.jpg	WF-038
WF-038	CFD-WF-038-033-F.jpg	WF-038
WF-039	CFD-WF-039-005-HO.jpg	WF-039
WF-039	CFD-WF-039-008-HC.jpg	WF-039
WF-039	CFD-WF-039-025-N.jpg	WF-039
WF-039	CFD-WF-039-032-A.jpg	WF-039
WF-039	CFD-WF-039-044-F.jpg	WF-039
WF-200	CFD-WF-200-099-N.jpg	WF-200
WF-201	CFD-WF-201-156-N.jpg	WF-201
WF-202	CFD-WF-202-056-N.jpg	WF-202
WF-203	CFD-WF-203-229-N.jpg	WF-203
WF-204	CFD-WF-204-038-N.jpg	WF-204
WF-205	CFD-WF-205-006-N.jpg	WF-205
WF-206	CFD-WF-206-147-N.jpg	WF-206
WF-207	CFD-WF-207-014-N.jpg	WF-207
WF-208	CFD-WF-208-068-N.jpg	WF-208
WF-209	CFD-WF-209-052-N.jpg	WF-209
WF-211	CFD-WF-211-001-N.jpg	WF-211
WF-212	CFD-WF-212-050-N.jpg	WF-212
WF-213	CFD-WF-213-031-N.jpg	WF-213
WF-214	CFD-WF-214-122-N.jpg	WF-214
WF-215	CFD-WF-215-145-N.jpg	WF-215
WF-216	CFD-WF-216-079-N.jpg	WF-216
WF-217	CFD-WF-217-085-N.jpg	WF-217
WF-218	CFD-WF-218-087-N.jpg	WF-218
WF-219	CFD-WF-219-038-N.jpg	WF-219
WF-220	CFD-WF-220-101-N.jpg	WF-220
WF-221	CFD-WF-221-005-N.jpg	WF-221
WF-222	CFD-WF-222-092-N.jpg	WF-222
WF-223	CFD-WF-223-133-N.jpg	WF-223
WF-224	CFD-WF-224-099-N.jpg	WF-224
WF-225	CFD-WF-225-101-N.jpg	WF-225
WF-226	CFD-WF-226-095-N.jpg	WF-226
WF-227	CFD-WF-227-002-N.jpg	WF-227
WF-228	CFD-WF-228-196-N.jpg	WF-228
WF-229	CFD-WF-229-004-N.jpg	WF-229
WF-230	CFD-WF-230-158-N.jpg	WF-230
WF-232	CFD-WF-232-161-N.jpg	WF-232
WF-233	CFD-WF-233-112-N.jpg	WF-233
WF-234	CFD-WF-234-086-N.jpg	WF-234
WF-235	CFD-WF-235-121-N.jpg	WF-235
WF-236	CFD-WF-236-107-N.jpg	WF-236
WF-237	CFD-WF-237-067-N.jpg	WF-237
WF-238	CFD-WF-238-023-N.jpg	WF-238
WF-239	CFD-WF-239-155-N.jpg	WF-239
WF-240	CFD-WF-240-083-N.jpg	WF-240
WF-241	CFD-WF-241-210-N.jpg	WF-241
WF-242	CFD-WF-242-001-N.jpg	WF-242
WF-243	CFD-WF-243-148-N.jpg	WF-243
WF-244	CFD-WF-244-163-N.jpg	WF-244
WF-245	CFD-WF-245-084-N.jpg	WF-245
WF-246	CFD-WF-246-087-N.jpg	WF-246
WF-247	CFD-WF-247-065-N.jpg	WF-247
WF-248	CFD-WF-248-129-N.jpg	WF-248
WF-249	CFD-WF-249-126-N.jpg	WF-249
WF-250	CFD-WF-250-167-N.jpg	WF-250
WF-251	CFD-WF-251-014-N.jpg	WF-251
WM-001	CFD-WM-001-007-HC.jpg	WM-001
WM-001	CFD-WM-001-011-HO.jpg	WM-001
WM-001	CFD-WM-001-014-N.jpg	WM-001
WM-002	CFD-WM-002-007-HO.jpg	WM-002
WM-002	CFD-WM-002-008-HC.jpg	WM-002
WM-002	CFD-WM-002-009-N.jpg	WM-002
WM-002	CFD-WM-002-017-A.jpg	WM-002
WM-003	CFD-WM-003-002-N.jpg	WM-003
WM-003	CFD-WM-003-003-HO.jpg	WM-003
WM-003	CFD-WM-003-006-HC.jpg	WM-003
WM-003	CFD-WM-003-008-A.jpg	WM-003
WM-004	CFD-WM-004-002-F.jpg	WM-004
WM-004	CFD-WM-004-005-HC.jpg	WM-004
WM-004	CFD-WM-004-006-HO.jpg	WM-004
WM-004	CFD-WM-004-010-N.jpg	WM-004
WM-004	CFD-WM-004-011-A.jpg	WM-004
WM-006	CFD-WM-006-002-N.jpg	WM-006
WM-006	CFD-WM-006-010-HO.jpg	WM-006
WM-006	CFD-WM-006-013-HC.jpg	WM-006
WM-006	CFD-WM-006-022-A.jpg	WM-006
WM-006	CFD-WM-006-039-F.jpg	WM-006
WM-009	CFD-WM-009-002-N.jpg	WM-009
WM-009	CFD-WM-009-004-HO.jpg	WM-009
WM-009	CFD-WM-009-006-HC.jpg	WM-009
WM-009	CFD-WM-009-009-A.jpg	WM-009
WM-009	CFD-WM-009-014-F.jpg	WM-009
WM-010	CFD-WM-010-001-N.jpg	WM-010
WM-010	CFD-WM-010-004-HO.jpg	WM-010
WM-010	CFD-WM-010-007-HC.jpg	WM-010
WM-010	CFD-WM-010-016-A.jpg	WM-010
WM-010	CFD-WM-010-020-F.jpg	WM-010
WM-011	CFD-WM-011-002-N.jpg	WM-011
WM-011	CFD-WM-011-003-HO.jpg	WM-011
WM-011	CFD-WM-011-006-HC.jpg	WM-011
WM-011	CFD-WM-011-011-A.jpg	WM-011
WM-011	CFD-WM-011-019-F.jpg	WM-011
WM-012	CFD-WM-012-001-N.jpg	WM-012
WM-012	CFD-WM-012-005-HO.jpg	WM-012
WM-012	CFD-WM-012-007-HC.jpg	WM-012
WM-012	CFD-WM-012-015-A.jpg	WM-012
WM-012	CFD-WM-012-026-F.jpg	WM-012
WM-013	CFD-WM-013-001-N.jpg	WM-013
WM-013	CFD-WM-013-006-HO.jpg	WM-013
WM-013	CFD-WM-013-008-HC.jpg	WM-013
WM-013	CFD-WM-013-015-A.jpg	WM-013
WM-013	CFD-WM-013-019-F.jpg	WM-013
WM-014	CFD-WM-014-002-N.jpg	WM-014
WM-014	CFD-WM-014-004-HO.jpg	WM-014
WM-014	CFD-WM-014-008-HC.jpg	WM-014
WM-014	CFD-WM-014-013-A.jpg	WM-014
WM-014	CFD-WM-014-024-F.jpg	WM-014
WM-015	CFD-WM-015-002-N.jpg	WM-015
WM-015	CFD-WM-015-005-HO.jpg	WM-015
WM-015	CFD-WM-015-009-HC.jpg	WM-015
WM-015	CFD-WM-015-017-A.jpg	WM-015
WM-015	CFD-WM-015-023-F.jpg	WM-015
WM-016	CFD-WM-016-001-N.jpg	WM-016
WM-016	CFD-WM-016-002-HO.jpg	WM-016
WM-016	CFD-WM-016-005-HC.jpg	WM-016
WM-016	CFD-WM-016-008-A.jpg	WM-016
WM-017	CFD-WM-017-002-N.jpg	WM-017
WM-017	CFD-WM-017-003-HC.jpg	WM-017
WM-017	CFD-WM-017-005-HO.jpg	WM-017
WM-017	CFD-WM-017-011-A.jpg	WM-017
WM-017	CFD-WM-017-019-F.jpg	WM-017
WM-018	CFD-WM-018-002-N.jpg	WM-018
WM-018	CFD-WM-018-004-HO.jpg	WM-018
WM-018	CFD-WM-018-005-HC.jpg	WM-018
WM-018	CFD-WM-018-007-A.jpg	WM-018
WM-019	CFD-WM-019-003-N.jpg	WM-019
WM-019	CFD-WM-019-006-HC.jpg	WM-019
WM-019	CFD-WM-019-009-HO.jpg	WM-019
WM-019	CFD-WM-019-013-A.jpg	WM-019
WM-019	CFD-WM-019-017-F.jpg	WM-019
WM-020	CFD-WM-020-001-N.jpg	WM-020
WM-020	CFD-WM-020-003-HO.jpg	WM-020
WM-020	CFD-WM-020-005-HC.jpg	WM-020
WM-020	CFD-WM-020-008-A.jpg	WM-020
WM-020	CFD-WM-020-012-F.jpg	WM-020
WM-021	CFD-WM-021-001-N.jpg	WM-021
WM-021	CFD-WM-021-004-HO.jpg	WM-021
WM-021	CFD-WM-021-006-HC.jpg	WM-021
WM-021	CFD-WM-021-009-A.jpg	WM-021
WM-022	CFD-WM-022-001-N.jpg	WM-022
WM-022	CFD-WM-022-003-HC.jpg	WM-022
WM-022	CFD-WM-022-005-HO.jpg	WM-022
WM-022	CFD-WM-022-008-A.jpg	WM-022
WM-022	CFD-WM-022-012-F.jpg	WM-022
WM-023	CFD-WM-023-001-N.jpg	WM-023
WM-023	CFD-WM-023-004-HO.jpg	WM-023
WM-023	CFD-WM-023-007-HC.jpg	WM-023
WM-023	CFD-WM-023-012-A.jpg	WM-023
WM-023	CFD-WM-023-015-F.jpg	WM-023
WM-025	CFD-WM-025-002-N.jpg	WM-025
WM-025	CFD-WM-025-008-A.jpg	WM-025
WM-025	CFD-WM-025-018-HC.jpg	WM-025
WM-025	CFD-WM-025-019-HO.jpg	WM-025
WM-025	CFD-WM-025-022-F.jpg	WM-025
WM-026	CFD-WM-026-001-N.jpg	WM-026
WM-026	CFD-WM-026-004-HC.jpg	WM-026
WM-026	CFD-WM-026-006-HO.jpg	WM-026
WM-026	CFD-WM-026-013-F.jpg	WM-026
WM-026	CFD-WM-026-019-A.jpg	WM-026
WM-028	CFD-WM-028-003-N.jpg	WM-028
WM-028	CFD-WM-028-005-HC.jpg	WM-028
WM-028	CFD-WM-028-007-HO.jpg	WM-028
WM-028	CFD-WM-028-019-F.jpg	WM-028
WM-028	CFD-WM-028-029-A.jpg	WM-028
WM-029	CFD-WM-029-009-HC.jpg	WM-029
WM-029	CFD-WM-029-014-A.jpg	WM-029
WM-029	CFD-WM-029-020-F.jpg	WM-029
WM-029	CFD-WM-029-023-N.jpg	WM-029
WM-029	CFD-WM-029-029-HO.jpg	WM-029
WM-031	CFD-WM-031-003-N.jpg	WM-031
WM-031	CFD-WM-031-004-HO.jpg	WM-031
WM-031	CFD-WM-031-032-F.jpg	WM-031
WM-031	CFD-WM-031-038-HC.jpg	WM-031
WM-031	CFD-WM-031-045-A.jpg	WM-031
WM-032	CFD-WM-032-001-N.jpg	WM-032
WM-032	CFD-WM-032-004-HO.jpg	WM-032
WM-032	CFD-WM-032-008-HC.jpg	WM-032
WM-032	CFD-WM-032-014-A.jpg	WM-032
WM-032	CFD-WM-032-021-F.jpg	WM-032
WM-033	CFD-WM-033-006-HC.jpg	WM-033
WM-033	CFD-WM-033-007-HO.jpg	WM-033
WM-033	CFD-WM-033-014-A.jpg	WM-033
WM-033	CFD-WM-033-025-N.jpg	WM-033
WM-033	CFD-WM-033-053-F.jpg	WM-033
WM-034	CFD-WM-034-027-F.jpg	WM-034
WM-034	CFD-WM-034-030-N.jpg	WM-034
WM-034	CFD-WM-034-032-HC.jpg	WM-034
WM-034	CFD-WM-034-035-HO.jpg	WM-034
WM-034	CFD-WM-034-040-A.jpg	WM-034
WM-035	CFD-WM-035-018-A.jpg	WM-035
WM-035	CFD-WM-035-028-F.jpg	WM-035
WM-035	CFD-WM-035-032-N.jpg	WM-035
WM-035	CFD-WM-035-033-HO.jpg	WM-035
WM-035	CFD-WM-035-036-HC.jpg	WM-035
WM-036	CFD-WM-036-018-A.jpg	WM-036
WM-036	CFD-WM-036-031-N.jpg	WM-036
WM-036	CFD-WM-036-034-HO.jpg	WM-036
WM-036	CFD-WM-036-037-HC.jpg	WM-036
WM-036	CFD-WM-036-047-F.jpg	WM-036
WM-037	CFD-WM-037-025-N.jpg	WM-037
WM-037	CFD-WM-037-033-HC.jpg	WM-037
WM-037	CFD-WM-037-034-HO.jpg	WM-037
WM-037	CFD-WM-037-060-A.jpg	WM-037
WM-037	CFD-WM-037-063-F.jpg	WM-037
WM-038	CFD-WM-038-003-N.jpg	WM-038
WM-038	CFD-WM-038-005-HO.jpg	WM-038
WM-038	CFD-WM-038-007-HC.jpg	WM-038
WM-038	CFD-WM-038-011-A.jpg	WM-038
WM-038	CFD-WM-038-018-F.jpg	WM-038
WM-039	CFD-WM-039-004-HC.jpg	WM-039
WM-039	CFD-WM-039-008-HO.jpg	WM-039
WM-039	CFD-WM-039-010-A.jpg	WM-039
WM-039	CFD-WM-039-018-N.jpg	WM-039
WM-039	CFD-WM-039-028-F.jpg	WM-039
WM-040	CFD-WM-040-007-A.jpg	WM-040
WM-040	CFD-WM-040-022-N.jpg	WM-040
WM-040	CFD-WM-040-023-HO.jpg	WM-040
WM-040	CFD-WM-040-025-HC.jpg	WM-040
WM-040	CFD-WM-040-033-F.jpg	WM-040
WM-041	CFD-WM-041-009-A.jpg	WM-041
WM-041	CFD-WM-041-021-N.jpg	WM-041
WM-041	CFD-WM-041-023-HC.jpg	WM-041
WM-200	CFD-WM-200-034-N.jpg	WM-200
WM-201	CFD-WM-201-063-N.jpg	WM-201
WM-202	CFD-WM-202-107-N.jpg	WM-202
WM-203	CFD-WM-203-023-N.jpg	WM-203
WM-204	CFD-WM-204-031-N.jpg	WM-204
WM-206	CFD-WM-206-045-N.jpg	WM-206
WM-207	CFD-WM-207-048-N.jpg	WM-207
WM-208	CFD-WM-208-068-N.jpg	WM-208
WM-209	CFD-WM-209-038-N.jpg	WM-209
WM-210	CFD-WM-210-057-N.jpg	WM-210
WM-211	CFD-WM-211-054-N.jpg	WM-211
WM-212	CFD-WM-212-097-N.jpg	WM-212
WM-213	CFD-WM-213-076-N.jpg	WM-213
WM-214	CFD-WM-214-026-N.jpg	WM-214
WM-215	CFD-WM-215-041-N.jpg	WM-215
WM-216	CFD-WM-216-061-N.jpg	WM-216
WM-217	CFD-WM-217-070-N.jpg	WM-217
WM-218	CFD-WM-218-074-N.jpg	WM-218
WM-219	CFD-WM-219-008-N.jpg	WM-219
WM-220	CFD-WM-220-068-N.jpg	WM-220
WM-221	CFD-WM-221-091-N.jpg	WM-221
WM-222	CFD-WM-222-057-N.jpg	WM-222
WM-223	CFD-WM-223-056-N.jpg	WM-223
WM-224	CFD-WM-224-197-N.jpg	WM-224
WM-225	CFD-WM-225-127-N.jpg	WM-225
WM-228	CFD-WM-228-065-N.jpg	WM-228
WM-229	CFD-WM-229-129-N.jpg	WM-229
WM-230	CFD-WM-230-131-N.jpg	WM-230
WM-231	CFD-WM-231-112-N.jpg	WM-231
WM-232	CFD-WM-232-070-N.jpg	WM-232
WM-233	CFD-WM-233-106-N.jpg	WM-233
WM-234	CFD-WM-234-118-N.jpg	WM-234
WM-235	CFD-WM-235-147-N.jpg	WM-235
WM-236	CFD-WM-236-072-N.jpg	WM-236
WM-237	CFD-WM-237-052-N.jpg	WM-237
WM-238	CFD-WM-238-020-N.jpg	WM-238
WM-239	CFD-WM-239-128-N.jpg	WM-239
WM-240	CFD-WM-240-125-N.jpg	WM-240
WM-241	CFD-WM-241-072-N.jpg	WM-241
WM-242	CFD-WM-242-011-N.jpg	WM-242
WM-243	CFD-WM-243-107-N.jpg	WM-243
WM-244	CFD-WM-244-003-N.jpg	WM-244
WM-245	CFD-WM-245-123-N.jpg	WM-245
WM-247	CFD-WM-247-084-N.jpg	WM-247
WM-248	CFD-WM-248-036-N.jpg	WM-248
WM-249	CFD-WM-249-239-N.jpg	WM-249
WM-250	CFD-WM-250-157-N.jpg	WM-250
WM-251	CFD-WM-251-002-N.jpg	WM-251
WM-252	CFD-WM-252-224-N.jpg	WM-252
WM-253	CFD-WM-253-119-N.jpg	WM-253
WM-254	CFD-WM-254-152-N.jpg	WM-254
WM-255	CFD-WM-255-219-N.jpg	WM-255
WM-256	CFD-WM-256-138-N.jpg	WM-256
WM-257	CFD-WM-257-161-N.jpg	WM-257
WM-258	CFD-WM-258-125-N.jpg	WM-258
